,Unnamed: 0,Unnamed: 0.1,Unnamed: 0.1.1,Unnamed: 0.1.1.1,date,index,day_index,ticker,high,low,close,volume,vwap,change,gain,loss,avg_gain,avg_loss,rsi,numerator,denominator,K,D
0,0,0,0,0,3/15/2018,0,0,A,70,60,69.5355,2530377,69.6021,0.0,,,,,,,,,
1,1,1,1,1,3/16/2018,1,0,A,70,60,69.2581,3378129,69.2548,-0.2774,0.0,0.2774,,,,,,,
2,2,2,2,2,3/19/2018,2,0,A,70,60,68.7032,2639402,68.8536,-0.5549,0.0,0.5549,,,,,,,
3,3,3,3,3,3/20/2018,3,0,A,70,60,69.2086,2379124,69.0792,0.5054,0.5054,0.0,,,,,,,
4,4,4,4,4,3/21/2018,4,0,A,70,60,68.7627,1583159,69.1392,-0.4459,0.0,0.4459,,,,,,,
5,5,5,5,5,3/22/2018,5,0,A,70,60,66.8504,1689996,67.6093,-1.9123,0.0,1.9123,,,,,,,
6,6,6,6,6,3/23/2018,6,0,A,70,60,65.4534,2594081,66.4407,-1.3969999999999998,0.0,1.3969999999999998,,,,,,,
7,7,7,7,7,3/26/2018,7,0,A,70,60,67.5737,2263757,67.0939,2.1203,2.1203,0.0,,,,,,,
8,8,8,8,8,3/27/2018,8,0,A,70,60,66.3847,2104527,67.1815,-1.189,0.0,1.189,,,,,,,
9,9,9,9,9,3/28/2018,9,0,A,70,60,65.7902,2267763,65.8468,-0.5945,0.0,0.5945,,,,,,,
10,10,10,10,10,3/29/2018,10,0,A,70,60,66.2856,2711285,66.335,0.4954,0.4954,0.0,,,,,,,
11,11,11,11,11,4/2/18,11,0,A,70,60,63.9808,3085753,64.3597,-2.3048,0.0,2.3048,,,,,,,
12,12,12,12,12,4/3/18,12,0,A,70,60,64.9639,2286132,64.9219,0.9831,0.9831,0.0,,,,,,,
13,13,13,13,13,4/4/18,13,0,A,70,60,64.9937,5084054,64.204,0.0298,0.0298,0.0,,,,,,,
14,14,14,14,14,4/5/18,14,0,A,70,60,65.2221,2120181,65.3882,0.2284,0.2284,0.0,0.3116,0.6197,33.45860625,5.2220999999999975,10.0,52.220999999999975,
15,15,15,15,15,4/6/18,15,0,A,70,60,63.2062,3578587,63.7256,-2.0159,0.0,2.0159,0.289342857,0.7194285709999999,28.68269748,3.2062000000000026,10.0,32.062000000000026,
16,16,16,16,16,4/9/18,16,0,A,70,60,64.7355,2639750,65.0358,1.5293,1.5293,0.0,0.377911224,0.668040816,36.13083676,4.735500000000002,10.0,47.35500000000002,28.094333333333335
17,17,17,17,17,4/10/18,17,0,A,70,60,66.1754,2120887,66.0424,1.4399,1.4399,0.0,0.453767566,0.620323615,42.24665221,6.175399999999996,10.0,61.75399999999996,26.47233333333335
18,18,18,18,18,4/11/18,18,0,A,70,60,65.6193,1391380,65.6923,-0.5561,0.0,0.5561,0.421355597,0.615736214,40.62857235,5.6192999999999955,10.0,56.19299999999996,36.36966666666666
19,19,19,19,19,4/12/18,19,0,A,70,60,66.7315,2180892,66.8448,1.1122,1.1122,0.0,0.470701625,0.571755056,45.15311129,6.731499999999997,10.0,67.31499999999997,39.31566666666664
20,20,20,20,20,4/13/2018,20,0,A,70,60,66.7414,2043908,66.7572,0.0099,0.0099,0.0,0.437787224,0.530915409,45.19314894,6.741399999999999,10.0,67.41399999999999,41.169333333333306
21,21,21,21,21,4/16/2018,21,0,A,70,60,67.6947,2887820,67.6645,0.9533,0.9533,0.0,0.474609565,0.49299288,49.05005846,7.694699999999997,10.0,76.94699999999997,44.90966666666665
22,22,22,22,22,4/17/2018,22,0,A,70,60,67.9629,2682621,67.9205,0.2682,0.2682,0.0,0.459866024,0.457779103,50.11371072,7.962900000000005,10.0,79.62900000000005,48.12033333333332
23,23,23,23,23,4/18/2018,23,0,A,70,60,69.0651,2678311,69.1568,1.1022,1.1022,0.0,0.505747023,0.425080595,54.33304866,9.065100000000001,10.0,90.65100000000001,52.19200000000001
24,24,24,24,24,4/19/2018,24,0,A,70,60,67.4961,2435090,67.6103,-1.569,0.0,1.569,0.469622235,0.506789124,48.09676073,7.496099999999998,10.0,74.96099999999998,56.76000000000002
25,25,25,25,25,4/20/2018,25,0,A,70,60,67.0791,1917243,67.1778,-0.417,0.0,0.417,0.43607779,0.500375615,46.5669501,7.079099999999997,10.0,70.79099999999997,55.204
26,26,26,26,26,4/23/2018,26,0,A,70,60,67.5954,2260555,67.6943,0.5163,0.5163,0.0,0.441807948,0.4646345,48.7408714,7.595399999999998,10.0,75.95399999999998,48.58399999999998
27,27,27,27,27,4/24/2018,27,0,A,70,60,66.1754,3701595,66.4917,-1.42,0.0,1.42,0.410250237,0.532874893,43.49902512,6.175399999999996,10.0,61.75399999999996,48.914999999999985
28,28,28,28,28,4/25/2018,28,0,A,70,60,65.3413,3873833,65.1564,-0.8341,0.0,0.8341,0.380946649,0.554390972,40.72825046,5.341300000000004,10.0,53.413000000000046,45.90266666666665
29,29,29,29,29,4/26/2018,29,0,A,70,60,65.9073,1978569,65.9121,0.5660000000000001,0.5660000000000001,0.0,0.394164745,0.514791617,43.36454001,5.907300000000006,10.0,59.073000000000064,38.389
30,30,30,30,30,4/27/2018,30,0,A,70,60,65.8179,1189195,65.8404,-0.0894,0.0,0.0894,0.366010121,0.484406501,43.03891895,5.8178999999999945,10.0,58.178999999999945,37.49533333333337
31,31,31,31,31,4/30/2018,31,0,A,70,60,65.2817,2277705,65.6775,-0.5362,0.0,0.5362,0.339866541,0.4881060370000001,41.04804312,5.281700000000001,10.0,52.817,39.084
32,32,32,32,32,5/1/18,32,0,A,70,60,65.7782,3135146,65.5758,0.4965,0.4965,0.0,0.351054645,0.45324132,43.64744574,5.778199999999998,10.0,57.781999999999975,36.99866666666665
33,33,33,33,33,5/2/18,33,0,A,70,60,65.4505,2240482,65.7296,-0.3277,0.0,0.3277,0.325979313,0.444274083,42.32104848,5.450500000000005,10.0,54.505000000000045,36.86633333333332
34,34,34,34,34,5/3/18,34,0,A,70,60,65.8775,2365851,65.4205,0.4270000000000001,0.4270000000000001,0.0,0.33319507600000003,0.41254022,44.68007323,5.877499999999998,10.0,58.77499999999998,37.42900000000001
35,35,35,35,35,5/4/18,35,0,A,70,60,66.5329,1331017,66.1467,0.6554,0.6554,0.0,0.356209714,0.383073061,48.18314803,6.532899999999998,10.0,65.32899999999998,37.76000000000001
36,36,36,36,36,5/7/18,36,0,A,70,60,66.9202,1468735,67.0692,0.3873,0.3873,0.0,0.358430449,0.3557107,50.19042096,6.920199999999994,10.0,69.20199999999994,41.36799999999999
37,37,37,37,37,5/8/18,37,0,A,70,60,66.9003,1916103,66.7781,-0.0199,0.0,0.0199,0.332828274,0.33172422100000004,50.08306737,6.900300000000001,10.0,69.00300000000001,44.84366666666664
38,38,38,38,38,5/9/18,38,0,A,70,60,67.655,2108506,67.395,0.7547,0.7547,0.0,0.362961968,0.308029634,54.09336974,7.655000000000001,10.0,76.55000000000001,46.06833333333332
39,39,39,39,39,5/10/18,39,0,A,70,60,68.3799,1844868,68.1605,0.7249,0.7249,0.0,0.388814685,0.286027517,57.61564462,8.379900000000006,10.0,83.79900000000006,48.51766666666668
40,40,40,40,40,5/11/18,40,0,A,70,60,68.9658,1524184,68.8389,0.5859,0.5859,0.0,0.402892207,0.26559698,60.26906865,8.965800000000002,10.0,89.65800000000002,53.449666666666694
41,41,41,41,41,5/14/2018,41,0,A,70,60,68.7275,3322635,69.0891,-0.2383,0.0,0.2383,0.374114193,0.26364719600000003,58.66052717,8.727500000000006,10.0,87.27500000000006,57.819000000000024
42,42,42,42,42,5/15/2018,42,0,A,70,60,62.0643,14451191,62.5042,-6.6632,0.0,6.6632,0.34739175,0.720758111,32.52275388,2.064300000000003,10.0,20.64300000000003,58.97766666666669
43,43,43,43,43,5/16/2018,43,0,A,70,60,61.5082,5872508,61.7051,-0.5561,0.0,0.5561,0.322578054,0.7089968170000001,31.27044512,1.5082000000000022,10.0,15.082000000000024,35.9726666666667
44,44,44,44,44,5/17/2018,44,0,A,70,60,63.1467,5211271,62.9171,1.6385,1.6385,0.0,0.416572479,0.658354187,38.75357193,3.1467000000000027,10.0,31.467000000000027,11.908333333333351
45,45,45,45,45,5/18/2018,45,0,A,70,60,63.8716,4163534,63.7647,0.7249,0.7249,0.0,0.438595873,0.611328888,41.77402889,3.871600000000001,10.0,38.71600000000001,15.51633333333335
46,46,46,46,46,5/21/2018,46,0,A,70,60,65.093,4527295,65.2091,1.2214,1.2214,0.0,0.494510453,0.567662539,46.5564891,5.0930000000000035,10.0,50.93000000000003,23.394333333333346
47,47,47,47,47,5/22/2018,47,0,A,70,60,64.388,3415571,64.7389,-0.705,0.0,0.705,0.459188278,0.577472358,44.29494691,4.388000000000005,10.0,43.88000000000005,29.882000000000016
48,48,48,48,48,5/23/2018,48,0,A,70,60,64.0801,3222446,64.1327,-0.3079,0.0,0.3079,0.426389116,0.558217189,43.3055439,4.080100000000002,10.0,40.801000000000016,31.603333333333364
49,49,49,49,49,5/24/2018,49,0,A,70,60,63.673,1525894,63.8275,-0.4071,0.0,0.4071,0.39593275,0.5474231039999999,41.97066762,3.673000000000002,10.0,36.73000000000002,28.22700000000002
50,50,50,50,50,5/25/2018,50,0,A,70,60,62.7097,1742002,62.7795,-0.9633,0.0,0.9633,0.367651839,0.5771285970000001,38.91399793,2.709699999999998,10.0,27.096999999999984,25.843666666666678
51,51,51,51,51,5/29/2018,51,0,A,70,60,61.4188,3559198,61.3405,-1.2909,0.0,1.2909,0.341390994,0.628112268,35.2129804,1.4187999999999974,10.0,14.187999999999972,21.275666666666666
52,52,52,52,52,5/30/2018,52,0,A,70,60,62.2529,1731482,62.1839,0.8341,0.8341,0.0,0.376584494,0.583247106,39.23443383,2.252899999999997,10.0,22.528999999999968,13.76166666666665
53,53,53,53,53,5/31/2018,53,0,A,70,60,61.4883,2510357,61.7082,-0.7646,0.0,0.7646,0.34968560200000004,0.596200885,36.96908739,1.4883000000000024,10.0,14.883000000000024,12.238999999999981
54,54,54,54,54,6/1/18,54,0,A,70,60,62.3423,2277946,62.3751,0.8540000000000001,0.8540000000000001,0.0,0.385708059,0.553615107,41.06233858,2.3423000000000016,10.0,23.423000000000016,12.470666666666665
55,55,55,55,55,6/4/18,55,0,A,70,60,62.9381,1958048,62.8157,0.5958,0.5958,0.0,0.400714626,0.514071171,43.80420284,2.9380999999999986,10.0,29.380999999999986,12.76866666666668
56,56,56,56,56,6/5/18,56,0,A,70,60,63.0772,1889520,63.0409,0.1391,0.1391,0.0,0.382027867,0.4773518020000001,44.4539103,3.0771999999999977,10.0,30.771999999999977,17.601333333333333
57,57,57,57,57,6/6/18,57,0,A,70,60,64.7355,3177630,64.0781,1.6583,1.6583,0.0,0.473190162,0.443255244,51.63320792,4.735500000000002,10.0,47.35500000000002,20.050999999999988
58,58,58,58,58,6/7/18,58,0,A,70,60,64.7752,2977186,64.9063,0.0397,0.0397,0.0,0.442226579,0.411594155,51.79384399,4.775199999999998,10.0,47.75199999999998,26.042333333333332
59,59,59,59,59,6/8/18,59,0,A,70,60,65.2717,3853848,65.2802,0.4965,0.4965,0.0,0.446103252,0.382194573,53.85783213,5.271699999999996,10.0,52.716999999999956,31.702333333333332
60,60,60,60,60,6/11/18,60,0,A,70,60,65.669,3316711,65.8314,0.3973,0.3973,0.0,0.442617306,0.354894961,55.49974895,5.668999999999997,10.0,56.689999999999976,33.48966666666664
61,61,61,61,61,6/12/18,61,0,A,70,60,65.8576,2006950,65.8474,0.1886,0.1886,0.0,0.424473212,0.32954532,56.29479832,5.857600000000005,10.0,58.57600000000005,36.46899999999997
62,62,62,62,62,6/13/2018,62,0,A,70,60,65.7981,4357708,65.7994,-0.0595,0.0,0.0595,0.394153697,0.310256369,55.9551483,5.798100000000005,10.0,57.98100000000005,38.422000000000004
63,63,63,63,63,6/14/2018,63,0,A,70,60,65.8477,3487894,65.7014,0.0496,0.0496,0.0,0.369542719,0.2880952,56.19242874,5.847700000000003,10.0,58.47700000000003,38.85233333333337
64,64,64,64,64,6/15/2018,64,0,A,70,60,65.669,4113230,65.4387,-0.1787,0.0,0.1787,0.34314681,0.280281257,55.04192517,5.668999999999997,10.0,56.689999999999976,38.81933333333336
65,65,65,65,65,6/18/2018,65,0,A,70,60,64.517,2563129,64.4415,-1.152,0.0,1.152,0.318636324,0.342546881,48.19183568,4.516999999999996,10.0,45.16999999999996,38.389
66,66,66,66,66,6/19/2018,66,0,A,70,60,63.0772,4621382,63.0728,-1.4398,0.0,1.4398,0.295876586,0.420922104,41.27750096,3.0771999999999977,10.0,30.771999999999977,33.95333333333331
67,67,67,67,67,6/20/2018,67,0,A,70,60,62.3522,4942091,62.5478,-0.725,0.0,0.725,0.274742545,0.442641954,38.29780893,2.3522000000000034,10.0,23.522000000000034,25.31399999999998
68,68,68,68,68,6/21/2018,68,0,A,70,60,62.6005,4319387,62.3922,0.2483,0.2483,0.0,0.272853791,0.411024671,39.89799448,2.6004999999999967,10.0,26.004999999999967,18.098000000000003
69,69,69,69,69,6/22/2018,69,0,A,70,60,62.3522,3621863,62.4544,-0.2483,0.0,0.2483,0.253364235,0.399401481,38.8139617,2.3522000000000034,10.0,23.522000000000034,16.509
70,70,70,70,70,6/25/2018,70,0,A,70,60,60.7733,2426792,60.9139,-1.5789,0.0,1.5789,0.235266789,0.483651375,32.72511408,0.773299999999999,10.0,7.73299999999999,16.509
71,71,71,71,71,6/26/2018,71,0,A,70,60,61.5479,3655622,61.4054,0.7746,0.7746,0.0,0.27379059,0.449104848,37.87416211,1.5478999999999985,10.0,15.478999999999985,10.418333333333342
72,72,72,72,72,6/27/2018,72,0,A,70,60,60.7137,2025823,61.3144,-0.8342,0.0,0.8342,0.254234119,0.476611645,34.78628898,0.7137000000000029,10.0,7.13700000000003,7.737333333333325
73,73,73,73,73,6/28/2018,73,0,A,70,60,60.8627,1564067,60.7298,0.149,0.149,0.0,0.246717397,0.442567956,35.79321623,0.8626999999999967,10.0,8.626999999999967,7.538666666666671
74,74,74,74,74,6/29/2018,74,0,A,70,60,61.4089,1942768,61.5986,0.5462,0.5462,0.0,0.268109011,0.410955959,39.48208537,1.4089000000000027,10.0,14.089000000000027,5.254666666666665
75,75,75,75,75,7/2/18,75,0,A,70,60,61.1888,1526468,60.9633,-0.2201,0.0,0.2201,0.248958368,0.39732339,38.52164547,1.1888000000000005,10.0,11.888000000000005,7.571999999999998
76,76,76,76,76,7/3/18,76,0,A,70,60,60.9699,864379,61.2359,-0.2189,0.0,0.2189,0.231175627,0.384578863,37.54347405,0.9699000000000026,10.0,9.699000000000026,8.659000000000011
77,77,77,77,77,7/5/18,77,0,A,70,60,61.5173,2247532,61.2795,0.5474,0.5474,0.0,0.253763082,0.357108944,41.54112014,1.5172999999999988,10.0,15.172999999999986,7.1956666666666775
78,78,78,78,78,7/6/18,78,0,A,70,60,62.0051,2269660,61.9144,0.4878,0.4878,0.0,0.270480005,0.331601162,44.9241763,2.0050999999999988,10.0,20.050999999999988,8.290666666666672
79,79,79,79,79,7/9/18,79,0,A,70,60,62.8313,1508550,62.8087,0.8262,0.8262,0.0,0.31017429,0.307915365,50.18273445,2.831299999999999,10.0,28.312999999999988,11.741333333333325
80,80,80,80,80,7/10/18,80,0,A,70,60,63.3788,1924366,63.2383,0.5475,0.5475,0.0,0.327126127,0.28592141,53.36064612,3.3787999999999982,10.0,33.78799999999998,16.121333333333325
81,81,81,81,81,7/11/18,81,0,A,70,60,62.5725,1780485,62.7206,-0.8063,0.0,0.8063,0.303759975,0.323091309,48.45806054,2.572499999999998,10.0,25.72499999999998,20.700333333333322
82,82,82,82,82,7/12/18,82,0,A,70,60,63.1598,1748125,63.2083,0.5873,0.5873,0.0,0.324012834,0.300013359,51.92295414,3.159799999999997,10.0,31.59799999999997,19.837666666666653
83,83,83,83,83,7/13/2018,83,0,A,70,60,63.0901,963652,63.1164,-0.0697,0.0,0.0697,0.30086906,0.283562405,51.48064028,3.0900999999999996,10.0,30.900999999999996,19.10766666666665
84,84,84,84,84,7/16/2018,84,0,A,70,60,62.4331,929264,62.525,-0.657,0.0,0.657,0.279378413,0.310236519,47.38319841,2.433100000000003,10.0,24.33100000000003,20.832999999999988
85,85,85,85,85,7/17/2018,85,0,A,70,60,62.7517,1469834,62.5571,0.3186,0.3186,0.0,0.282179955,0.288076767,49.48296861,2.7516999999999996,10.0,27.516999999999996,18.410666666666675
86,86,86,86,86,7/18/2018,86,0,A,70,60,62.7019,1202284,62.7118,-0.0498,0.0,0.0498,0.262024244,0.271056998,49.15277881,2.701900000000002,10.0,27.01900000000002,17.282666666666675
87,87,87,87,87,7/19/2018,87,0,A,70,60,63.8566,1726698,63.8519,1.1547,1.1547,0.0,0.325786798,0.251695784,56.41499987,3.8566000000000003,10.0,38.566,18.178666666666672
88,88,88,88,88,7/20/2018,88,0,A,70,60,63.558,1620195,63.6844,-0.2986,0.0,0.2986,0.302516312,0.255046085,54.25694301,3.558,10.0,35.58,21.861666666666675
89,89,89,89,89,7/23/2018,89,0,A,70,60,63.4286,1417517,63.4514,-0.1294,0.0,0.1294,0.280908004,0.246071365,53.3053134,3.428600000000003,10.0,34.28600000000003,24.715333333333334
90,90,90,90,90,7/24/2018,90,0,A,70,60,64.4937,2454398,64.4799,1.0651,1.0651,0.0,0.336921718,0.228494839,59.58822996,4.493700000000004,10.0,44.93700000000004,23.288666666666675
91,91,91,91,91,7/25/2018,91,0,A,70,60,65.6583,2924515,65.1812,1.1646,1.1646,0.0,0.396041595,0.212173779,65.11535423,5.658299999999997,10.0,56.58299999999997,26.40766666666669
92,92,92,92,92,7/26/2018,92,0,A,70,60,66.4447,2583476,66.1648,0.7864,0.7864,0.0,0.423924339,0.197018509,68.27107202,6.444699999999997,10.0,64.44699999999997,33.84
93,93,93,93,93,7/27/2018,93,0,A,70,60,65.4493,2638902,65.558,-0.9954,0.0,0.9954,0.393644029,0.254045758,60.77663051,5.449299999999994,10.0,54.49299999999994,40.34333333333331
94,94,94,94,94,7/30/2018,94,0,A,70,60,64.3344,1601219,64.689,-1.1149,0.0,1.1149,0.365526598,0.315535347,53.67009576,4.334400000000002,10.0,43.34400000000002,39.64666666666664
95,95,95,95,95,7/31/2018,95,0,A,70,60,65.7379,2539265,65.7887,1.4035,1.4035,0.0,0.439667555,0.292997108,60.00938457,5.737899999999996,10.0,57.378999999999955,32.61233333333332
96,96,96,96,96,8/1/18,96,0,A,70,60,64.6828,2679180,64.7958,-1.0551,0.0,1.0551,0.40826273,0.347433029,54.02474809,4.6828,10.0,46.828,33.57433333333333
97,97,97,97,97,8/2/18,97,0,A,70,60,64.9914,2263190,64.7878,0.3086,0.3086,0.0,0.401143964,0.322616384,55.42497112,4.991399999999999,10.0,49.91399999999999,34.73566666666665
98,98,98,98,98,8/3/18,98,0,A,70,60,65.4294,1857308,65.1648,0.438,0.438,0.0,0.403776538,0.29957235600000004,57.40771629,5.429400000000001,10.0,54.29400000000001,32.24733333333333
99,99,99,99,99,8/6/18,99,0,A,70,60,66.2058,2873080,66.0461,0.7764,0.7764,0.0,0.430392499,0.278174331,60.74127109,6.205799999999996,10.0,62.05799999999997,34.736
100,100,100,100,100,8/7/18,100,0,A,70,60,67.3505,2829039,67.2473,1.1447,1.1447,0.0,0.481414464,0.25830473600000003,65.08070412,7.350499999999997,10.0,73.50499999999997,38.78399999999999
101,101,101,101,101,8/8/18,101,0,A,70,60,67.0718,1682000,67.2355,-0.2787,0.0,0.2787,0.447027716,0.25976154,63.2476671,7.071799999999996,10.0,70.71799999999996,45.187666666666644
102,102,102,102,102,8/9/18,102,0,A,70,60,66.385,1727776,66.7078,-0.6868,0.0,0.6868,0.415097165,0.290264288,58.84885876,6.385000000000005,10.0,63.85000000000005,48.07433333333331
103,103,103,103,103,8/10/18,103,0,A,70,60,65.9569,2166251,65.9777,-0.4281,0.0,0.4281,0.385447367,0.30010969600000004,56.22396562,5.9569000000000045,10.0,59.56900000000005,44.856
104,104,104,104,104,8/13/2018,104,0,A,70,60,65.6384,2989306,65.8554,-0.3185,0.0,0.3185,0.357915413,0.301423289,54.28399878,5.638400000000004,10.0,56.38400000000004,41.1396666666667
105,105,105,105,105,8/14/2018,105,0,A,70,60,66.4447,3110109,66.5445,0.8063,0.8063,0.0,0.389942883,0.279893054,58.21468536,6.444699999999997,10.0,64.44699999999997,38.65100000000003
106,106,106,106,106,8/15/2018,106,0,A,70,60,64.4339,6071456,64.6831,-2.0108,0.0,2.0108,0.36208982,0.403529264,47.29372967,4.433899999999994,10.0,44.33899999999994,40.27700000000001
107,107,107,107,107,8/16/2018,107,0,A,70,60,65.2004,3149532,65.04,0.7665,0.7665,0.0,0.390976262,0.374705745,51.06248521,5.200400000000002,10.0,52.00400000000002,36.26199999999997
108,108,108,108,108,8/17/2018,108,0,A,70,60,64.3643,2449200,64.3452,-0.8361,0.0,0.8361,0.363049386,0.407662478,47.10572172,4.3643,10.0,43.643,32.11433333333332
109,109,109,109,109,8/20/2018,109,0,A,70,60,64.1751,1619930,64.3499,-0.1892,0.0,0.1892,0.33711728700000004,0.392058015,46.23268038,4.1751000000000005,10.0,41.751000000000005,31.88233333333334
110,110,110,110,110,8/21/2018,110,0,A,70,60,64.633,2982791,64.7444,0.4579,0.4579,0.0,0.345744623,0.364053871,48.7102503,4.632999999999996,10.0,46.329999999999956,28.46466666666667
111,111,111,111,111,8/22/2018,111,0,A,70,60,65.3497,2565558,65.1385,0.7167,0.7167,0.0,0.372241436,0.338050023,52.40685793,5.349699999999999,10.0,53.496999999999986,29.36033333333332
112,112,112,112,112,8/23/2018,112,0,A,70,60,65.3895,2287703,65.4285,0.0398,0.0398,0.0,0.348495619,0.313903593,52.61111618,5.389499999999998,10.0,53.89499999999998,33.275666666666645
113,113,113,113,113,8/24/2018,113,0,A,70,60,65.6782,1904191,65.6334,0.2887,0.2887,0.0,0.344224503,0.291481908,54.14834542,5.678200000000004,10.0,56.782000000000046,35.79733333333332
114,114,114,114,114,8/27/2018,114,0,A,70,60,65.7778,1158772,65.7469,0.0996,0.0996,0.0,0.326751325,0.270661772,54.69436923,5.777799999999999,10.0,57.778,36.89233333333334
115,115,115,115,115,8/28/2018,115,0,A,70,60,66.385,2284317,66.4132,0.6072,0.6072,0.0,0.34678337299999995,0.251328788,57.97965593,6.385000000000005,10.0,63.85000000000005,38.18666666666668
116,116,116,116,116,8/29/2018,116,0,A,70,60,66.7035,1852130,66.7274,0.3185,0.3185,0.0,0.344763132,0.233376732,59.63317074,6.703500000000005,10.0,67.03500000000005,40.54266666666668
117,117,117,117,117,8/30/2018,117,0,A,70,60,66.9524,2246705,67.0363,0.2489,0.2489,0.0,0.337915765,0.216706965,60.92713963,6.952399999999997,10.0,69.52399999999997,43.628333333333366
118,118,118,118,118,8/31/2018,118,0,A,70,60,67.2311,1582405,67.0965,0.2787,0.2787,0.0,0.333686068,0.201227896,62.38125948,7.231099999999998,10.0,72.31099999999998,45.51966666666667
119,119,119,119,119,9/4/18,119,0,A,70,60,66.9623,1727990,66.8848,-0.2688,0.0,0.2688,0.309851349,0.206054475,60.05967262,6.962299999999999,10.0,69.62299999999999,47.278333333333315
120,120,120,120,120,9/5/18,120,0,A,70,60,66.6537,1859604,66.6699,-0.3086,0.0,0.3086,0.28771911,0.213379155,57.41770222,6.653700000000001,10.0,66.537,47.31133333333332
121,121,121,121,121,9/6/18,121,0,A,70,60,67.0519,1031539,66.9717,0.3982,0.3982,0.0,0.295610602,0.198137787,59.87069698,7.051900000000003,10.0,70.51900000000003,45.38666666666666
122,122,122,122,122,9/7/18,122,0,A,70,60,67.0917,1585499,67.1442,0.0398,0.0398,0.0,0.27733841600000003,0.183985088,60.11798955,7.091700000000003,10.0,70.91700000000003,45.68533333333335
123,123,123,123,123,9/10/18,123,0,A,70,60,67.6193,2065707,67.7797,0.5276,0.5276,0.0,0.295214243,0.170843296,63.34287473,7.6192999999999955,10.0,76.19299999999996,47.145333333333355
124,124,124,124,124,9/11/18,124,0,A,70,60,67.3107,1676778,67.4026,-0.3086,0.0,0.3086,0.274127512,0.180683061,60.27289786,7.310699999999997,10.0,73.10699999999997,49.03666666666666
125,125,125,125,125,9/12/18,125,0,A,70,60,67.5994,1125411,67.4337,0.2887,0.2887,0.0,0.275168404,0.167777128,62.12240201,7.599400000000003,10.0,75.99400000000003,49.766666666666644
126,126,126,126,126,9/13/2018,126,0,A,70,60,69.0129,2495037,68.8133,1.4135,1.4135,0.0,0.356477803,0.155793047,69.58775871,9.012900000000002,10.0,90.12900000000002,49.70033333333333
127,127,127,127,127,9/14/2018,127,0,A,70,60,68.5351,1461065,68.5755,-0.4778,0.0,0.4778,0.33101510300000003,0.178793544,64.92928379,8.5351,10.0,85.351,55.37433333333335
128,128,128,128,128,9/17/2018,128,0,A,70,60,68.764,1816610,68.842,0.2289,0.2289,0.0,0.323721167,0.166022576,66.10011286,8.763999999999996,10.0,87.63999999999996,58.49333333333334
129,129,129,129,129,9/18/2018,129,0,A,70,60,68.6147,1780417,68.5613,-0.1493,0.0,0.1493,0.300598227,0.164828107,64.58556493,8.6147,10.0,86.14699999999999,57.66366666666665
130,130,130,130,130,9/19/2018,130,0,A,70,60,69.2418,1183395,69.1577,0.6271,0.6271,0.0,0.323919782,0.15305467,67.91134836,9.241799999999998,10.0,92.41799999999998,57.92899999999998
131,131,131,131,131,9/20/2018,131,0,A,70,60,70.8047,2865626,70.5476,1.5629,1.5629,0.0,0.412418369,0.142122194,74.37118157,10.804699999999997,10.0,108.04699999999995,59.521666666666654
132,132,132,132,132,9/21/2018,132,0,A,70,60,70.3965,3119673,70.523,-0.4082,0.0,0.4082,0.382959914,0.161127752,70.38570037,10.396500000000003,10.0,103.96500000000005,66.82166666666664
133,133,133,133,133,9/24/2018,133,0,A,70,60,69.6301,2333572,69.6427,-0.7664,0.0,0.7664,0.355605634,0.204361484,63.50473501,9.630099999999999,10.0,96.30099999999999,70.67066666666666
134,134,134,134,134,9/25/2018,134,0,A,70,60,70.0581,2090165,70.089,0.428,0.428,0.0,0.360776661,0.189764235,65.53130996,10.058099999999996,10.0,100.58099999999996,66.75533333333334
135,135,135,135,135,9/26/2018,135,0,A,70,60,70.0083,1830443,70.1371,-0.0498,0.0,0.0498,0.335006899,0.17976678899999998,65.07848139,10.008300000000006,10.0,100.08300000000006,65.62733333333331
136,136,136,136,136,9/27/2018,136,0,A,70,60,70.4762,1581665,70.2673,0.4679,0.4679,0.0,0.34449926299999994,0.166926304,67.36058677,10.476200000000006,10.0,104.76200000000007,66.888
137,137,137,137,137,9/28/2018,137,0,A,70,60,70.2174,2248094,70.3501,-0.2588,0.0,0.2588,0.319892173,0.17348871100000002,64.83675863,10.217399999999998,10.0,102.17399999999999,68.28166666666671
138,138,138,138,138,10/1/18,138,0,A,70,60,71.0842,2837493,71.0115,0.8668,0.8668,0.0,0.358957018,0.16109666,69.02307067,11.084199999999996,10.0,110.84199999999996,68.97866666666668
139,139,139,139,139,10/2/18,139,0,A,70,60,71.5032,2617455,71.2316,0.419,0.419,0.0,0.363245802,0.149589756,70.83085335,11.503200000000007,10.0,115.03200000000007,71.00533333333333
140,140,140,140,140,10/3/18,140,0,A,70,60,71.9421,3203130,71.919,0.4389,0.4389,0.0,0.368649674,0.138904774,72.63253739,11.942099999999996,10.0,119.42099999999995,75.29133333333334
141,141,141,141,141,10/4/18,141,0,A,70,60,70.4857,2961931,70.717,-1.4564,0.0,1.4564,0.342317554,0.233011575,59.49943024,10.485699999999994,10.0,104.85699999999993,78.15100000000001
142,142,142,142,142,10/5/18,142,0,A,70,60,70.1266,2376806,69.8983,-0.3591,0.0,0.3591,0.3178663,0.242017891,56.77358013,10.126599999999996,10.0,101.26599999999996,74.75933333333329
143,143,143,143,143,10/8/18,143,0,A,70,60,69.3285,2179365,69.378,-0.7981,0.0,0.7981,0.295161565,0.281738042,51.16341927,9.328500000000005,10.0,93.28500000000005,68.70766666666663
144,144,144,144,144,10/9/18,144,0,A,70,60,69.2388,2179198,69.2019,-0.0897,0.0,0.0897,0.274078596,0.268021039,50.55871247,9.238799999999998,10.0,92.38799999999998,64.85033333333334
145,145,145,145,145,10/10/18,145,0,A,70,60,66.5055,3055653,67.6133,-2.7333,0.0,2.7333,0.254501553,0.444112393,36.42949791,6.505499999999998,10.0,65.05499999999998,61.89100000000001
146,146,146,146,146,10/11/18,146,0,A,70,60,64.7299,3624612,65.4917,-1.7756,0.0,1.7756,0.236322871,0.539218651,30.47198172,4.729900000000001,10.0,47.29900000000001,52.48099999999999
147,147,147,147,147,10/12/18,147,0,A,70,60,66.0766,3669509,65.9042,1.3467,1.3467,0.0,0.31563552300000003,0.500703033,38.66478197,6.076599999999999,10.0,60.765999999999984,37.45133333333333
148,148,148,148,148,10/15/2018,148,0,A,70,60,65.4681,1602860,65.6537,-0.6085,0.0,0.6085,0.293090128,0.508402816,36.56802349,5.468100000000007,10.0,54.68100000000007,36.02166666666667
149,149,149,149,149,10/16/2018,149,0,A,70,60,67.2936,1868279,66.8981,1.8255,1.8255,0.0,0.402547976,0.47208833,46.02461316,7.293599999999998,10.0,72.93599999999998,38.48233333333335
150,150,150,150,150,10/17/2018,150,0,A,70,60,67.0342,1991212,66.908,-0.2594,0.0,0.2594,0.373794549,0.456896306,44.99803350000001,7.0341999999999985,10.0,70.34199999999998,42.539000000000016
151,151,151,151,151,10/18/2018,151,0,A,70,60,65.5878,2327330,65.7843,-1.4464,0.0,1.4464,0.347094939,0.527575141,39.68295551,5.587800000000001,10.0,55.878000000000014,47.75933333333332
152,152,152,152,152,10/19/2018,152,0,A,70,60,64.311,2418302,64.7085,-1.2768,0.0,1.2768,0.322302443,0.581091203,35.67685523,4.311000000000007,10.0,43.11000000000007,42.07333333333333
153,153,153,153,153,10/22/2018,153,0,A,70,60,64.1214,2227932,64.0254,-0.1896,0.0,0.1896,0.29928084,0.553127545,35.11003003,4.121399999999994,10.0,41.21399999999994,32.99600000000003
154,154,154,154,154,10/23/2018,154,0,A,70,60,62.5752,4219761,62.1029,-1.5462,0.0,1.5462,0.277903637,0.624061292,30.81091384,2.5752000000000024,10.0,25.752000000000024,28.108000000000004
155,155,155,155,155,10/24/2018,155,0,A,70,60,60.9792,3481246,62.293,-1.596,0.0,1.596,0.258053377,0.6934854859999999,27.1195836,0.9791999999999987,10.0,9.791999999999987,22.32199999999999
156,156,156,156,156,10/25/2018,156,0,A,70,60,62.4555,3318277,62.1434,1.4763,1.4763,0.0,0.345070993,0.6439508079999999,34.89013011,2.4555000000000007,10.0,24.555000000000007,11.848000000000004
157,157,157,157,157,10/26/2018,157,0,A,70,60,62.5752,3119947,62.3026,0.1197,0.1197,0.0,0.328973065,0.597954322,35.49070508,2.5752000000000024,10.0,25.752000000000024,11.448999999999998
158,158,158,158,158,10/29/2018,158,0,A,70,60,61.9268,2919874,62.4744,-0.6484,0.0,0.6484,0.305474989,0.601557584,33.67850263,1.9268,10.0,19.268,16.76900000000001
159,159,159,159,159,10/30/2018,159,0,A,70,60,63.483,3076720,62.9974,1.5562,1.5562,0.0,0.39481249,0.558589186,41.41092889,3.482999999999997,10.0,34.82999999999997,15.006666666666675
160,160,160,160,160,10/31/2018,160,0,A,70,60,64.6302,3820987,65.0635,1.1472,1.1472,0.0,0.448554455,0.518689958,46.37446843,4.630200000000002,10.0,46.30200000000002,18.032666666666657
161,161,161,161,161,11/1/18,161,0,A,70,60,65.0591,1882438,64.9241,0.4289,0.4289,0.0,0.447150565,0.481640675,48.14327975,5.059100000000001,10.0,50.59100000000001,27.043999999999997
162,162,162,162,162,11/2/18,162,0,A,70,60,65.7674,2272114,65.7825,0.7083,0.7083,0.0,0.465804096,0.44723777,51.01672919,5.767399999999995,10.0,57.67399999999995,32.29766666666668
163,163,163,163,163,11/5/18,163,0,A,70,60,65.7474,2348704,65.6253,-0.02,0.0,0.02,0.432532375,0.416720786,50.93091139,5.747399999999999,10.0,57.47399999999999,36.08833333333332
164,164,164,164,164,11/6/18,164,0,A,70,60,65.8172,2287255,65.8166,0.0698,0.0698,0.0,0.40662292,0.386955016,51.2391917,5.8172,10.0,58.172000000000004,38.382666666666644
165,165,165,165,165,11/7/18,165,0,A,70,60,68.0916,2700613,67.6098,2.2744,2.2744,0.0,0.540035568,0.359315372,60.04725677,8.0916,10.0,80.916,38.54866666666666
166,166,166,166,166,11/8/18,166,0,A,70,60,67.6228,2444607,67.6238,-0.4688,0.0,0.4688,0.501461599,0.367135702,57.73234596,7.622799999999998,10.0,76.22799999999998,46.36266666666666
167,167,167,167,167,11/9/18,167,0,A,70,60,67.104,2573534,67.0298,-0.5188,0.0,0.5188,0.465642914,0.377968867,55.19635032,7.103999999999999,10.0,71.03999999999999,52.38133333333332
168,168,168,168,168,11/12/18,168,0,A,70,60,64.3409,2999960,64.7908,-2.7631,0.0,2.7631,0.432382705,0.548335376,44.08837907,4.340900000000005,10.0,43.40900000000005,49.08933333333332
169,169,169,169,169,11/13/2018,169,0,A,70,60,64.1813,2216456,64.3021,-0.1596,0.0,0.1596,0.401498226,0.520568564,43.54329110000001,4.181299999999993,10.0,41.81299999999993,38.14966666666668
170,170,170,170,170,11/14/2018,170,0,A,70,60,63.3134,4852556,63.639,-0.8679,0.0,0.8679,0.372819782,0.545377952,40.60343084,3.3134000000000015,10.0,33.134000000000015,28.407333333333327
171,171,171,171,171,11/15/2018,171,0,A,70,60,64.5603,3846090,63.7847,1.2469,1.2469,0.0,0.435254083,0.506422384,46.2211915,4.560299999999998,10.0,45.60299999999998,24.982333333333315
172,172,172,172,172,11/16/2018,172,0,A,70,60,64.8297,2963305,64.8384,0.2694,0.2694,0.0,0.423407363,0.470249356,47.37919535,4.8297000000000025,10.0,48.297000000000025,26.245666666666665
173,173,173,173,173,11/19/2018,173,0,A,70,60,62.4555,3392057,62.9897,-2.3742,0.0,2.3742,0.39316398,0.6062458310000001,39.33961579,2.4555000000000007,10.0,24.555000000000007,31.3
174,174,174,174,174,11/20/2018,174,0,A,70,60,67.3534,8187326,66.8978,4.8979,4.8979,0.0,0.714930838,0.5629425570000001,55.9469225,7.3533999999999935,10.0,73.53399999999993,24.28400000000001
175,175,175,175,175,11/21/2018,175,0,A,70,60,67.5529,3557551,67.8195,0.1995,0.1995,0.0,0.67811435,0.522732375,56.46968393,7.552899999999994,10.0,75.52899999999994,32.696333333333314
176,176,176,176,176,11/23/2018,176,0,A,70,60,68.0417,1374274,68.0925,0.4888,0.4888,0.0,0.664591896,0.485394348,57.79129095,8.041700000000006,10.0,80.41700000000006,49.68766666666662
177,177,177,177,177,11/26/2018,177,0,A,70,60,69.0792,2406265,68.8165,1.0375,1.0375,0.0,0.691228189,0.450723323,60.5304325,9.0792,10.0,90.792,51.982
178,178,178,178,178,11/27/2018,178,0,A,70,60,69.1889,2533581,69.0342,0.1097,0.1097,0.0,0.649690462,0.4185288,60.81995382,9.188900000000004,10.0,91.88900000000004,57.069666666666684
179,179,179,179,179,11/28/2018,179,0,A,70,60,71.3037,2661339,70.5383,2.1148,2.1148,0.0,0.754341143,0.388633886,65.99804231,11.303700000000006,10.0,113.03700000000005,60.89366666666668
180,180,180,180,180,11/29/2018,180,0,A,70,60,71.3934,2625819,71.6696,0.0897,0.0897,0.0,0.7068667759999999,0.360874322,66.20207622,11.3934,10.0,113.934,68.3086666666667
181,181,181,181,181,11/30/2018,181,0,A,70,60,72.1715,2279473,72.1364,0.7781,0.7781,0.0,0.711954863,0.335097585,67.99610318,12.171499999999995,10.0,121.71499999999995,75.65700000000002
182,182,182,182,182,12/3/18,182,0,A,70,60,74.4858,4265221,74.1559,2.3143,2.3143,0.0,0.826408087,0.311162043,72.64678149999997,14.485799999999998,10.0,144.85799999999998,78.54966666666665
183,183,183,183,183,12/4/18,183,0,A,70,60,72.7301,4263802,73.65,-1.7557,0.0,1.7557,0.767378938,0.414343326,64.93733438,12.730099999999993,10.0,127.30099999999993,88.85766666666665
184,184,184,184,184,12/6/18,184,0,A,70,60,71.7326,3505914,71.0813,-0.9975,0.0,0.9975,0.712566157,0.455997374,60.97795609,11.732600000000005,10.0,117.32600000000004,90.71966666666663
185,185,185,185,185,12/7/18,185,0,A,70,60,70.0767,2184502,70.255,-1.6559,0.0,1.6559,0.661668574,0.541704705,54.98448286,10.076700000000002,10.0,100.76700000000002,81.54233333333332
186,186,186,186,186,12/10/18,186,0,A,70,60,70.4159,2347157,69.6913,0.3392,0.3392,0.0,0.638635105,0.503011511,55.93982373,10.415899999999993,10.0,104.15899999999993,72.69766666666669
187,187,187,187,187,12/11/18,187,0,A,70,60,70.8747,2926016,71.3279,0.4588,0.4588,0.0,0.62578974,0.467082118,57.26103528,10.874700000000004,10.0,108.74700000000004,68.30866666666665
188,188,188,188,188,12/12/18,188,0,A,70,60,71.57300000000002,2842861,71.9183,0.6983,0.6983,0.0,0.630969044,0.433719109,59.26327274,11.573000000000022,10.0,115.73000000000022,70.96866666666666
189,189,189,189,189,12/13/2018,189,0,A,70,60,70.9645,2200718,71.2941,-0.6085,0.0,0.6085,0.585899827,0.446203459,56.76755758,10.964500000000001,10.0,109.64500000000001,74.82566666666675
190,190,190,190,190,12/14/2018,190,0,A,70,60,69.1889,1982726,69.5083,-1.7756,0.0,1.7756,0.544049839,0.541160354,50.13313019,9.188900000000004,10.0,91.88900000000004,75.12500000000007
191,191,191,191,191,12/17/2018,191,0,A,70,60,67.6826,2241705,68.0958,-1.5063,0.0,1.5063,0.505189136,0.610098901,45.29674126,7.682599999999994,10.0,76.82599999999994,67.17800000000001
192,192,192,192,192,12/18/2018,192,0,A,70,60,67.8223,2111981,68.0006,0.1397,0.1397,0.0,0.479082769,0.5665204079999999,45.81879435,7.8222999999999985,10.0,78.22299999999998,56.23833333333332
193,193,193,193,193,12/19/2018,193,0,A,70,60,66.6651,2845468,67.2393,-1.1572,0.0,1.1572,0.444862572,0.608711807,42.22412585,6.665099999999995,10.0,66.65099999999995,51.68299999999997
194,194,194,194,194,12/20/2018,194,0,A,70,60,65.0292,3547814,65.16,-1.6359,0.0,1.6359,0.413086674,0.682082392,37.71898664,5.029200000000003,10.0,50.29200000000002,48.29133333333331
195,195,195,195,195,12/21/2018,195,0,A,70,60,63.1339,4683100,63.8522,-1.8953,0.0,1.8953,0.383580483,0.768740793,33.28763348,3.133899999999997,10.0,31.338999999999974,38.980999999999995
196,196,196,196,196,12/24/2018,196,0,A,70,60,62.5154,1668490,62.7221,-0.6185,0.0,0.6185,0.35618187700000004,0.758009308,31.96775219,2.5153999999999996,10.0,25.154,27.210333333333335
197,197,197,197,197,12/26/2018,197,0,A,70,60,65.3783,1701769,64.0077,2.8629,2.8629,0.0,0.535233171,0.7038657859999999,43.19535323,5.378299999999996,10.0,53.78299999999996,18.830999999999992
198,198,198,198,198,12/27/2018,198,0,A,70,60,66.316,1655033,65.1684,0.9377,0.9377,0.0,0.563980802,0.653589658,46.3201778,6.3160000000000025,10.0,63.160000000000025,26.312333333333317
199,199,199,199,199,12/28/2018,199,0,A,70,60,65.96,1927748,66.271,-0.35600000000000004,0.0,0.35600000000000004,0.523696459,0.632333254,45.30129746,5.959999999999994,10.0,59.599999999999945,38.980999999999995
200,200,200,200,200,12/31/2018,200,0,A,70,60,67.46,1572136,67.1349,1.5,1.5,0.0,0.593432426,0.587166593,50.26536669,7.459999999999994,10.0,74.59999999999994,40.91999999999999
201,201,201,201,201,1/2/19,201,0,A,70,60,65.69,2113304,65.821,-1.77,0.0,1.77,0.551044396,0.671654693,45.0678667,5.689999999999998,10.0,56.89999999999997,44.73333333333329
202,202,202,202,202,1/3/19,202,0,A,70,60,63.27,5383926,63.2874,-2.42,0.0,2.42,0.511684082,0.796536501,39.11298205,3.270000000000003,10.0,32.70000000000003,43.83333333333331
203,203,203,203,203,1/4/19,203,0,A,70,60,65.46,3123654,65.3999,2.19,2.19,0.0,0.63156379,0.7396410370000001,46.05904076,5.459999999999994,10.0,54.59999999999994,29.866666666666664
204,204,204,204,204,1/7/19,204,0,A,70,60,66.85,3235055,66.9046,1.39,1.39,0.0,0.685737805,0.6868095340000001,49.9609584,6.849999999999994,10.0,68.49999999999994,29.09999999999999
205,205,205,205,205,1/8/19,205,0,A,70,60,67.83,1578055,67.5461,0.98,0.98,0.0,0.706756533,0.63775171,52.5661733,7.829999999999998,10.0,78.29999999999998,41.033333333333296
206,206,206,206,206,1/9/19,206,0,A,70,60,69.25,2442291,69.1474,1.42,1.42,0.0,0.757702495,0.5921980170000001,56.13024727,9.25,10.0,92.5,48.93333333333331
207,207,207,207,207,1/10/19,207,0,A,70,60,69.9,1080882,69.5756,0.65,0.65,0.0,0.75000946,0.549898158,57.6971355,9.900000000000006,10.0,99.00000000000006,56.93333333333333
208,208,208,208,208,1/11/19,208,0,A,70,60,70.38,1210791,69.9788,0.48,0.48,0.0,0.73072307,0.510619718,58.86553471,10.379999999999995,10.0,103.79999999999995,63.83333333333335
209,209,209,209,209,1/14/2019,209,0,A,70,60,69.75,2182673,69.9181,-0.63,0.0,0.63,0.678528565,0.5191468810000001,56.65379273,9.75,10.0,97.5,67.60000000000001
210,210,210,210,210,1/15/2019,210,0,A,70,60,70.6,1793061,70.5145,0.85,0.85,0.0,0.690776525,0.482064961,58.89768847,10.599999999999994,10.0,105.99999999999994,67.09999999999998
211,211,211,211,211,1/16/2019,211,0,A,70,60,70.03,1480321,70.3571,-0.57,0.0,0.57,0.641435344,0.488346035,56.77517401,10.030000000000001,10.0,100.30000000000001,67.83333333333331
212,212,212,212,212,1/17/2019,212,0,A,70,60,70.82,1225840,70.4799,0.79,0.79,0.0,0.652047105,0.453464176,58.98149720000001,10.819999999999993,10.0,108.19999999999995,68.76666666666665
213,213,213,213,213,1/18/2019,213,0,A,70,60,71.93,1551657,71.6681,1.11,1.11,0.0,0.6847580259999999,0.421073878,61.9224336,11.930000000000007,10.0,119.30000000000007,69.49999999999999
214,214,214,214,214,1/22/2019,214,0,A,70,60,71.32,1972650,71.0313,-0.61,0.0,0.61,0.635846739,0.434568601,59.40187098,11.319999999999993,10.0,113.19999999999992,75.83333333333333
215,215,215,215,215,1/23/2019,215,0,A,70,60,71.65,2050294,71.6669,0.33,0.33,0.0,0.614000543,0.403527986,60.34234179999999,11.650000000000006,10.0,116.50000000000004,77.5
216,216,216,216,216,1/24/2019,216,0,A,70,60,72.18,1509599,71.9309,0.53,0.53,0.0,0.6080005039999999,0.374704559,61.87008974,12.180000000000007,10.0,121.80000000000007,76.56666666666665
217,217,217,217,217,1/25/2019,217,0,A,70,60,73.65,2215271,73.4665,1.47,1.47,0.0,0.6695718970000001,0.347939947,65.80482583,13.650000000000006,10.0,136.50000000000006,79.43333333333338
218,218,218,218,218,1/28/2019,218,0,A,70,60,73.27,1729625,72.9991,-0.38,0.0,0.38,0.621745333,0.35022995100000004,63.96719578,13.269999999999996,10.0,132.69999999999996,86.10000000000004
219,219,219,219,219,1/29/2019,219,0,A,70,60,73.56,1684521,73.5405,0.29,0.29,0.0,0.598049238,0.32521352600000003,64.77562631,13.560000000000002,10.0,135.60000000000002,89.73333333333335
220,220,220,220,220,1/30/2019,220,0,A,70,60,75.44,1679472,74.8965,1.88,1.88,0.0,0.689617149,0.301983988,69.54582070000001,15.439999999999998,10.0,154.39999999999998,89.43333333333332
221,221,221,221,221,1/31/2019,221,0,A,70,60,76.05,2951321,75.8804,0.61,0.61,0.0,0.68393021,0.280413704,70.92181538,16.049999999999997,10.0,160.49999999999997,96.66666666666667
222,222,222,222,222,2/1/19,222,0,A,70,60,76.04,1343915,76.0964,-0.01,0.0,0.01,0.635078052,0.261098439,70.86528808,16.040000000000006,10.0,160.40000000000006,104.96666666666665
223,223,223,223,223,2/4/19,223,0,A,70,60,76.03,2245893,75.9026,-0.01,0.0,0.01,0.589715334,0.243162836,70.80451321,16.03,10.0,160.3,106.96666666666668
224,224,224,224,224,2/5/19,224,0,A,70,60,76.31,1593537,76.2635,0.28,0.28,0.0,0.56759281,0.225794062,71.54048422,16.310000000000002,10.0,163.10000000000002,106.90000000000002
225,225,225,225,225,2/6/19,225,0,A,70,60,76.3,1504860,76.3474,-0.01,0.0,0.01,0.527050467,0.210380201,71.47118909999998,16.299999999999997,10.0,162.99999999999997,107.80000000000001
226,226,226,226,226,2/7/19,226,0,A,70,60,75.33,1660637,75.3288,-0.97,0.0,0.97,0.489404005,0.26463875800000003,64.90401196,15.329999999999998,10.0,153.29999999999998,108.7
227,227,227,227,227,2/8/19,227,0,A,70,60,75.8,1318051,75.4092,0.47,0.47,0.0,0.488018004,0.245735989,66.50975785,15.799999999999997,10.0,157.99999999999997,105.43333333333332
228,228,228,228,228,2/11/19,228,0,A,70,60,76.08,1018208,75.9984,0.28,0.28,0.0,0.473159576,0.228183419,67.46478962,16.08,10.0,160.79999999999998,103.76666666666665
229,229,229,229,229,2/12/19,229,0,A,70,60,77.07,2045501,77.0175,0.99,0.99,0.0,0.510076749,0.211884603,70.65153107,17.069999999999993,10.0,170.69999999999993,106.26666666666665
230,230,230,230,230,2/13/2019,230,0,A,70,60,77.25,1376358,77.1903,0.18,0.18,0.0,0.486499838,0.196749989,71.20379971,17.25,10.0,172.5,110.49999999999996
231,231,231,231,231,2/14/2019,231,0,A,70,60,77.02,1618269,76.9716,-0.23,0.0,0.23,0.45174985,0.199124989,69.40656215,17.019999999999996,10.0,170.19999999999996,114.39999999999998
232,232,232,232,232,2/15/2019,232,0,A,70,60,78.3,1919672,77.9627,1.28,1.28,0.0,0.510910575,0.184901776,73.42648838,18.299999999999997,10.0,182.99999999999997,114.2333333333333
233,233,233,233,233,2/19/2019,233,0,A,70,60,77.52,2967968,77.6537,-0.78,0.0,0.78,0.4744169620000001,0.227408792,67.59754248,17.519999999999996,10.0,175.19999999999996,117.7333333333333
234,234,234,234,234,2/20/2019,234,0,A,70,60,78.56,2076523,78.3316,1.04,1.04,0.0,0.514815751,0.211165307,70.91311067,18.560000000000002,10.0,185.60000000000002,119.39999999999998
235,235,235,235,235,2/21/2019,235,0,A,70,60,77.89,3570828,77.8302,-0.67,0.0,0.67,0.478043197,0.243939213,66.21258221,17.89,10.0,178.9,120.26666666666665
236,236,236,236,236,2/22/2019,236,0,A,70,60,78.42,2797669,78.1454,0.53,0.53,0.0,0.4817543970000001,0.226514984,68.01852658,18.42,10.0,184.20000000000002,121.5
237,237,237,237,237,2/25/2019,237,0,A,70,60,79.34,1878041,79.4431,0.92,0.92,0.0,0.513057655,0.210335342,70.92377959,19.340000000000003,10.0,193.40000000000003,121.03333333333335
238,238,238,238,238,2/26/2019,238,0,A,70,60,78.55,1992595,78.6133,-0.79,0.0,0.79,0.476410679,0.251739961,65.42748893,18.549999999999997,10.0,185.49999999999997,125.86666666666667
239,239,239,239,239,2/27/2019,239,0,A,70,60,79.42,1254403,79.1631,0.87,0.87,0.0,0.504524202,0.233758535,68.33753207,19.42,10.0,194.20000000000002,126.3
240,240,240,240,240,2/28/2019,240,0,A,70,60,79.44,1759103,79.4787,0.02,0.02,0.0,0.469915331,0.217061497,68.40337432,19.439999999999998,10.0,194.39999999999998,126.56666666666666
241,241,241,241,241,3/1/19,241,0,A,70,60,81.24,1625899,80.9738,1.8,1.8,0.0,0.564921378,0.201557104,73.70348827,21.239999999999995,10.0,212.39999999999998,129.53333333333333
242,242,242,242,242,3/4/19,242,0,A,70,60,80.13,3204122,80.2868,-1.11,0.0,1.11,0.524569851,0.266445882,66.31598198,20.129999999999995,10.0,201.29999999999995,135.6
243,243,243,243,243,3/5/19,243,0,A,70,60,79.74,1405644,79.702,-0.39,0.0,0.39,0.487100576,0.275271176,63.89278912,19.739999999999995,10.0,197.39999999999995,137.89999999999998
244,244,244,244,244,3/6/19,244,0,A,70,60,78.75,1750488,79.1216,-0.99,0.0,0.99,0.452307678,0.326323235,58.09012592,18.75,10.0,187.5,132.89999999999998
245,245,245,245,245,3/7/19,245,0,A,70,60,78.73,1818134,78.656,-0.02,0.0,0.02,0.419999987,0.304443004,57.97557461,18.730000000000004,10.0,187.30000000000004,128.29999999999998
246,246,246,246,246,3/8/19,246,0,A,70,60,77.98,1483484,77.7417,-0.75,0.0,0.75,0.389999988,0.336268504,53.69914738,17.980000000000004,10.0,179.80000000000004,124.93333333333335
247,247,247,247,247,3/11/19,247,0,A,70,60,79.3,1210929,79.1433,1.32,1.32,0.0,0.45642856,0.312249325,59.37839099,19.299999999999997,10.0,192.99999999999997,122.36666666666669
248,248,248,248,248,3/12/19,248,0,A,70,60,79.93,1532269,79.8903,0.63,0.63,0.0,0.46882652,0.289945802,61.78750944,19.930000000000007,10.0,199.30000000000007,124.26666666666667
249,249,249,249,249,3/13/2019,249,0,A,70,60,80.13,1529133,80.3296,0.2,0.2,0.0,0.449624626,0.269235387,62.54689613,20.129999999999995,10.0,201.29999999999995,130.76666666666668
250,250,250,250,250,3/14/2019,250,0,A,70,60,80.61,1268470,80.4851,0.48,0.48,0.0,0.451794295,0.250004288,64.37663254,20.61,10.0,206.1,133.53333333333333
251,251,251,251,251,3/15/2019,251,0,A,70,60,81.1,1999067,81.0502,0.49,0.49,0.0,0.454523274,0.232146839,66.19237759,21.099999999999994,10.0,210.99999999999994,135.79999999999998
252,252,252,252,252,3/18/2019,252,0,A,70,60,80.97,1617696,80.9062,-0.13,0.0,0.13,0.422057326,0.224850636,65.24225247,20.97,10.0,209.7,139.0333333333333
253,253,253,253,253,3/19/2019,253,0,A,70,60,81.2,1172573,81.2809,0.23,0.23,0.0,0.408338946,0.208789877,66.16753762,21.200000000000003,10.0,212.0,140.23333333333332
254,254,254,254,254,3/20/2019,254,0,A,70,60,80.92,1768328,80.9556,-0.28,0.0,0.28,0.379171878,0.213876314,63.93609881,20.92,10.0,209.20000000000002,140.56666666666666
255,255,255,255,255,3/21/2019,255,0,A,70,60,82.0,986602,81.9478,1.08,1.08,0.0,0.42923103,0.198599434,68.36734664,22.0,10.0,220.00000000000003,140.4
